{
  "q_table": {
    "('many', 'none', 'sparse', 'low', 'relaxed', 'stuck')": {
      "run_standard": 585.085972869168,
      "run_minimal": 678.0187036387426,
      "run_aggressive": 665.3444697194649
    },
    "('few', 'none', 'sparse', 'low', 'relaxed', 'progressing')": {
      "run_standard": 372.6286544301478,
      "run_minimal": 682.7498851265061,
      "run_aggressive": 143.36437682463338,
      "wait": 673.0953576202021
    },
    "('empty', 'none', 'sparse', 'low', 'relaxed', 'advanced')": {
      "wait": 671.617023176925
    },
    "('empty', 'none', 'sparse', 'low', 'moderate', 'advanced')": {
      "wait": 669.1986516489108
    },
    "('empty', 'none', 'sparse', 'low', 'urgent', 'advanced')": {
      "wait": 667.0932119147192,
      "run_aggressive": 621.0731419520331,
      "run_minimal": 645.1010983135259,
      "run_standard": 160.61067159630753
    }
  },
  "episode": 567,
  "epsilon": 0.05,
  "episode_rewards": [
    234.10962962962964,
    233.76703703703703,
    230.63555555555558,
    233.2512962962963,
    236.43740740740742,
    233.57722222222225,
    239.94666666666666,
    239.94018518518521,
    236.84111111111113,
    236.43555555555554,
    237.0225925925926,
    240.07351851851854,
    237.23555555555555,
    240.1753703703704,
    236.80592592592592,
    237.04111111111115,
    237.0522222222222,
    236.7262962962963,
    230.58740740740743,
    237.0522222222222,
    237.1262962962963,
    233.77074074074073,
    239.87722222222226,
    237.0522222222222,
    237.09666666666666,
    236.8975925925926,
    236.8901851851852,
    236.99203703703705,
    236.9392592592593,
    237.0522222222222,
    237.0475925925926,
    236.88925925925923,
    237.18462962962963,
    236.8901851851852,
    237.04574074074074,
    236.94481481481483,
    237.63092592592594,
    236.77722222222224,
    237.20037037037036,
    236.94203703703704,
    236.97814814814814,
    237.00870370370373,
    236.90500000000003,
    237.07537037037036,
    236.9485185185185,
    237.14944444444444,
    236.9188888888889,
    237.1012962962963,
    236.96425925925928,
    236.9781481481482,
    236.6531481481482,
    236.86055555555558,
    237.20037037037036,
    236.90314814814815,
    237.09666666666666,
    236.96425925925928,
    236.8605555555556,
    236.88925925925923,
    236.96425925925928,
    237.07537037037036,
    236.99296296296296,
    236.71240740740743,
    236.96425925925928,
    236.91148148148153,
    236.8383333333333,
    237.11240740740743,
    236.97814814814814,
    237.04574074074074,
    236.99296296296296,
    236.82351851851854,
    237.0012962962963,
    236.55592592592592,
    237.14944444444444,
    236.8901851851852,
    237.09666666666666,
    236.94203703703704,
    236.91148148148153,
    236.86055555555558,
    237.14944444444444,
    236.99296296296296,
    237.03833333333336,
    236.56425925925927,
    237.20037037037036,
    236.6531481481482,
    237.00870370370373,
    237.0522222222222,
    237.07537037037036,
    236.88925925925923,
    236.96425925925928,
    236.93462962962968,
    236.9188888888889,
    236.71240740740743,
    236.96425925925928,
    237.1262962962963,
    236.8383333333333,
    237.11240740740743,
    236.76333333333338,
    237.14944444444444,
    236.88925925925923,
    237.11240740740743,
    236.9272222222222,
    236.76333333333335,
    236.94203703703704,
    236.82351851851854,
    236.9485185185185,
    237.14944444444444,
    236.99296296296296,
    237.03833333333336,
    236.8975925925926,
    236.9855555555556,
    236.83092592592595,
    237.04574074074074,
    236.7188888888889,
    237.14944444444444,
    236.83092592592595,
    237.09666666666666,
    237.0012962962963,
    236.91148148148153,
    236.8012962962963,
    237.14944444444444,
    236.97814814814814,
    237.14944444444444,
    236.8012962962963,
    236.86703703703705,
    236.9272222222222,
    236.88185185185188,
    236.90500000000003,
    237.07537037037036,
    237.0522222222222,
    237.00870370370373,
    236.94203703703704,
    237.1262962962963,
    236.6827777777778,
    237.11240740740743,
    236.9188888888889,
    236.81611111111113,
    236.9485185185185,
    237.11240740740743,
    236.86796296296296,
    237.09666666666666,
    236.78648148148153,
    237.03833333333336,
    236.99296296296296,
    237.04574074074074,
    237.0522222222222,
    237.03833333333336,
    236.8383333333333,
    236.86703703703705,
    236.9272222222222,
    236.89759259259262,
    236.88925925925923,
    237.14944444444444,
    236.97814814814814,
    237.00870370370373,
    236.94203703703704,
    237.1262962962963,
    236.78648148148153,
    237.00870370370373,
    236.99296296296296,
    237.07537037037036,
    236.6151851851852,
    237.11240740740743,
    237.14944444444444,
    236.9188888888889,
    237.04574074074074,
    236.74944444444446,
    237.1262962962963,
    236.8383333333333,
    237.20037037037036,
    236.96425925925928,
    237.07537037037036,
    236.88925925925923,
    237.14944444444444,
    236.6753703703704,
    236.86703703703705,
    237.04574074074074,
    236.99296296296296,
    237.03833333333336,
    236.8975925925926,
    237.20037037037036,
    236.94203703703704,
    237.03833333333336,
    236.73370370370372,
    237.14944444444444,
    237.1262962962963,
    236.90500000000003,
    237.04574074074074,
    237.0522222222222,
    236.74203703703705,
    236.8012962962963,
    237.20037037037036,
    237.0012962962963,
    236.91148148148153,
    237.00870370370373,
    236.94203703703704,
    237.1262962962963,
    237.0012962962963,
    237.09666666666666,
    236.90500000000003,
    237.07537037037036,
    236.9485185185185,
    236.93462962962968,
    237.11240740740743,
    236.9188888888889,
    236.71240740740743,
    237.0522222222222,
    237.03833333333336,
    236.94203703703704,
    237.09666666666666,
    237.14944444444444,
    236.97814814814814,
    236.89759259259262,
    236.8383333333333,
    237.20037037037036,
    236.9272222222222,
    237.00870370370373,
    237.20037037037036,
    236.94203703703704,
    237.1262962962963,
    236.86055555555558,
    236.81611111111113,
    237.1262962962963,
    236.72722222222228,
    237.09666666666666,
    236.96425925925928,
    237.07537037037036,
    236.99296296296296,
    237.04574074074074,
    237.11240740740743,
    236.97814814814814,
    237.14944444444444,
    236.88925925925923,
    237.11240740740743,
    236.8605555555556,
    237.0522222222222,
    237.04574074074074,
    236.99296296296296,
    237.03833333333336,
    236.71240740740743,
    237.0522222222222,
    237.14944444444444,
    236.83092592592595,
    237.09666666666666,
    237.14944444444444,
    236.83740740740745,
    237.03833333333336,
    236.8383333333333,
    237.20037037037036,
    237.14944444444444,
    236.97814814814814,
    237.00870370370373,
    236.94203703703704,
    237.20037037037036,
    237.07537037037036,
    236.9485185185185,
    237.11240740740743,
    236.8605555555556,
    236.99296296296296,
    236.71240740740743,
    237.0522222222222,
    237.03833333333336,
    237.14944444444444,
    236.88925925925923,
    237.14944444444444,
    237.11240740740743,
    236.97814814814814,
    237.04574074074074,
    236.99296296296296,
    237.14944444444444,
    236.82351851851854,
    236.9485185185185,
    237.14944444444444,
    237.20037037037036,
    236.86796296296296,
    237.00870370370373,
    237.0522222222222,
    237.14944444444444,
    237.1262962962963,
    236.60870370370372,
    237.00870370370373,
    237.20037037037036,
    236.9272222222222,
    237.20037037037036,
    236.83092592592595,
    236.90500000000003,
    237.1262962962963,
    237.14944444444444,
    236.9485185185185,
    237.11240740740743,
    237.07537037037036,
    236.99296296296296,
    237.04574074074074,
    237.0522222222222,
    237.11240740740743,
    237.07537037037036,
    237.09666666666666,
    236.94203703703704,
