{
  "q_table": {
    "('many', 'none', 'sparse', 'low', 'relaxed', 'stuck')": {
      "run_minimal": 586.7480133989442,
      "run_aggressive": 427.104652627771,
      "run_standard": 566.7170968896788
    },
    "('few', 'none', 'sparse', 'low', 'relaxed', 'progressing')": {
      "run_minimal": 589.2593790911106,
      "wait": 576.5746010861221,
      "run_aggressive": 464.16635298432993,
      "run_standard": 363.95790017053025
    },
    "('empty', 'none', 'sparse', 'low', 'relaxed', 'advanced')": {
      "wait": 574.9410089299402
    },
    "('empty', 'none', 'sparse', 'low', 'moderate', 'advanced')": {
      "wait": 569.8033806417372
    },
    "('empty', 'none', 'sparse', 'low', 'urgent', 'advanced')": {
      "run_minimal": 563.0531044742822,
      "wait": 0.0,
      "run_standard": 483.7396916684519,
      "run_aggressive": 270.569123163764
    }
  },
  "episode": 163,
  "epsilon": 0.17174680514,
  "episode_rewards": [
    260.8114814814815,
    260.8577777777778,
    257.88,
    261.31796296296295,
    260.79111111111115,
    250.5372222222222,
    260.2161111111111,
    258.43185185185183,
    263.94759259259257,
    260.8892592592593,
    254.46148148148148,
    260.94759259259257,
    264.5938888888889,
    263.98462962962964,
    260.3688888888889,
    264.5448148148148,
    260.89944444444444,
    263.955,
    264.03833333333336,
    264.57685185185187,
    264.03833333333336,
    264.55833333333334,
    263.8975925925926,
    264.3824074074074,
    264.34537037037035,
    264.39166666666665,
    260.89907407407406,
    261.2138888888889,
    264.36203703703706,
    264.375,
    261.3796296296296,
    261.47222222222223,
    264.47962962962964,
    261.15555555555557,
    261.4148148148148,
    264.47962962962964,
    263.97814814814814,
    261.2435185185185,
    263.97814814814814,
    264.5675925925926,
    263.97814814814814,
    264.5675925925926,
    263.97814814814814,
    264.5675925925926,
    263.8948148148148,
    269.5061481481482,
    266.21492592592597,
    265.7803703703704,
    266.23333333333335,
    269.5061481481482,
    269.5061481481482,
    266.23333333333335,
    266.02400000000006,
    269.44722222222225,
    269.0799259259259,
    266.095,
    269.4780370370371,
    266.0252222222222,
    269.3374444444445,
    269.85107407407406,
    262.8281481481481,
    269.12333333333333,
    269.12333333333333,
    269.1884074074074,
    268.9902592592593,
    269.12333333333333,
    265.87222222222226,
    265.7665555555556,
    265.71340740740743,
    269.25270370370373,
    265.8505185185185,
    269.108,
    269.0027037037037,
    269.0507777777778,
    269.00607407407404,
    265.3824814814815,
    269.0027037037037,
    269.08040740740745,
    269.471962962963,
    265.93055555555554,
    265.7708888888889,
    265.8338888888889,
    269.0027037037037,
    262.17292592592594,
    268.9212962962963,
    265.7708888888889,
    269.0507777777778,
    268.955,
    265.2440740740741,
    268.90674074074076,
    268.95837037037035,
    268.8291111111111,
    265.85755555555556,
    265.2557037037037,
    269.0814074074074,
    269.0027037037037,
    269.0027037037037,
    268.8443703703704,
    269.0027037037037,
    269.16411111111114,
    268.63318518518514,
    268.7758888888889,
    268.8440370370371,
    269.0027037037037,
    259.3647037037037,
    269.0507777777778,
    262.5275925925926,
    265.79725925925925,
    269.0144074074074,
    269.42366666666663,
    262.30718518518523,
    269.0694814814815,
    269.0694814814815,
    266.2517777777778,
    269.3435185185186,
    266.10851851851857,
    265.6213333333333,
    265.53588888888885,
    266.07603703703705,
    265.97607407407406,
    269.5061481481482,
    262.5623333333333,
    266.29633333333334,
    265.7252222222222,
    269.46081481481485,
    269.5384444444445,
    269.5061481481482,
    268.77625925925923,
    265.9490740740741,
    266.0221481481481,
    269.5061481481482,
    269.3374444444445,
    269.5061481481482,
    269.5061481481482,
    266.36340740740746,
    266.21492592592597,
    269.45422222222226,
    269.3141111111111,
    269.1558518518518,
    269.3374444444445,
    266.23333333333335,
    269.5061481481482,
    266.636,
    266.286,
    266.42822222222225,
    266.204,
    270.0156666666667,
    269.45422222222226,
    269.2838888888889,
    269.92900000000003,
    269.5061481481482,
    269.4844444444445,
    269.3300370370371,
    266.46225925925927,
    266.0834444444444,
    270.03329629629627,
    269.89670370370374,
    269.5061481481482,
    266.57296296296295,
    265.5904444444444,
    269.5061481481482,
    266.06562962962965
  ]
}