{
  "q_table": {
    "('many', 'none', 'sparse', 'low', 'relaxed', 'stuck')": {
      "run_aggressive": 45.17913187755774,
      "run_standard": 211.59945054457341,
      "run_minimal": 10.636905439814814
    },
    "('few', 'none', 'sparse', 'low', 'relaxed', 'progressing')": {
      "run_standard": 216.83945351187293,
      "wait": 217.18639644684788,
      "run_minimal": 99.8293356964119,
      "run_aggressive": 47.40315029416878
    },
    "('empty', 'none', 'sparse', 'low', 'relaxed', 'advanced')": {
      "wait": 207.4703899741291
    },
    "('empty', 'none', 'sparse', 'low', 'moderate', 'advanced')": {
      "wait": 187.18697723312096
    },
    "('empty', 'none', 'sparse', 'low', 'urgent', 'advanced')": {
      "run_standard": 163.1648027603042,
      "wait": 0.0,
      "run_aggressive": 87.9744535106338,
      "run_minimal": 48.63274392661727
    }
  },
  "episode": 26,
  "epsilon": 0.10608517628929326,
  "episode_rewards": [
    270.67148148148146,
    275.71777777777777,
    272.74,
    274.17796296296297,
    272.6511111111111,
    263.39722222222224,
    270.0761111111111,
    274.29185185185185,
    272.8075925925926,
    272.74925925925925,
    272.3214814814815,
    273.8075925925926,
    276.45388888888886,
    272.84462962962965,
    270.2288888888889,
    276.4048148148148,
    272.75944444444445,
    272.815,
    272.89833333333337,
    273.4368518518519,
    272.89833333333337,
    276.41833333333335,
    270.7575925925926,
    273.2424074074074,
    273.20537037037036,
    273.25166666666667
  ]
}