{
  "q_table": {
    "('many', 'none', 'sparse', 'low', 'relaxed', 'stuck')": {
      "run_minimal": 205.34033877899992,
      "run_aggressive": 50.64545792828971,
      "run_standard": 71.26696973507401
    },
    "('few', 'none', 'sparse', 'low', 'relaxed', 'progressing')": {
      "run_minimal": 199.58164244108835,
      "wait": 188.21502281054603,
      "run_aggressive": 80.8636860999944,
      "run_standard": 0.0
    },
    "('empty', 'none', 'sparse', 'low', 'relaxed', 'advanced')": {
      "wait": 189.3999965177615
    },
    "('empty', 'none', 'sparse', 'low', 'moderate', 'advanced')": {
      "wait": 181.8133112960469
    },
    "('empty', 'none', 'sparse', 'low', 'urgent', 'advanced')": {
      "run_minimal": 157.10586582323523,
      "wait": 0.0,
      "run_standard": 40.95347954884035
    }
  },
  "episode": 26,
  "epsilon": 0.10608517628929326,
  "episode_rewards": [
    260.8114814814815,
    260.8577777777778,
    257.88,
    261.31796296296295,
    260.79111111111115,
    250.5372222222222,
    260.2161111111111,
    258.43185185185183,
    263.94759259259257,
    260.8892592592593,
    254.46148148148148,
    260.94759259259257,
    264.5938888888889,
    263.98462962962964,
    260.3688888888889,
    264.5448148148148,
    260.89944444444444,
    263.955,
    264.03833333333336,
    264.57685185185187,
    264.03833333333336,
    264.55833333333334,
    263.8975925925926,
    264.3824074074074,
    264.34537037037035,
    264.39166666666665
  ]
}