{
  "q_table": {
    "('many', 'none', 'sparse', 'low', 'relaxed', 'stuck')": {
      "run_standard": 654.5288493647697,
      "run_minimal": 502.6983935406772,
      "run_aggressive": 426.4097320123891
    },
    "('few', 'none', 'sparse', 'low', 'relaxed', 'progressing')": {
      "run_standard": 661.4729091440279,
      "run_minimal": 426.66010187474734,
      "run_aggressive": 458.3557161076949,
      "wait": 660.7323610925077
    },
    "('empty', 'none', 'sparse', 'low', 'relaxed', 'advanced')": {
      "wait": 654.9890413164726
    },
    "('empty', 'none', 'sparse', 'low', 'moderate', 'advanced')": {
      "wait": 651.3061617184298
    },
    "('empty', 'none', 'sparse', 'low', 'urgent', 'advanced')": {
      "wait": 649.2063804089498,
      "run_standard": 638.2074429171797,
      "run_aggressive": 367.7923038930147,
      "run_minimal": 160.33016060564728
    }
  },
  "episode": 567,
  "epsilon": 0.05,
  "episode_rewards": [
    254.96962962962965,
    254.62703703703704,
    254.49555555555557,
    254.11129629629627,
    251.29740740740738,
    251.43722222222223,
    251.8066666666667,
    251.8001851851852,
    251.70111111111112,
    251.2955555555555,
    251.88259259259263,
    254.93351851851855,
    252.0955555555556,
    250.0353703703704,
    251.66592592592593,
    254.90111111111113,
    251.91222222222225,
    251.58629629629633,
    249.4474074074074,
    251.91222222222225,
    251.98629629629633,
    251.63074074074078,
    249.73722222222221,
    251.91222222222225,
    251.9566666666667,
    251.75759259259263,
    249.75018518518522,
    251.85203703703706,
    251.7992592592593,
    251.91222222222225,
    254.9075925925926,
    251.7492592592593,
    252.04462962962967,
    251.75018518518522,
    251.90574074074078,
    251.80481481481482,
    255.4909259259259,
    251.63722222222225,
    252.0603703703704,
    251.80203703703708,
    251.83814814814818,
    251.86870370370372,
    251.76500000000001,
    251.9353703703704,
    251.80851851851855,
    252.00944444444448,
    251.77888888888893,
    254.96129629629633,
    249.8242592592593,
    249.83814814814818,
    251.5131481481482,
    251.72055555555556,
    252.0603703703704,
    251.7631481481482,
    251.9566666666667,
    251.8242592592593,
    251.7205555555556,
    251.7492592592593,
    251.8242592592593,
    251.9353703703704,
    251.852962962963,
    251.5724074074074,
    251.8242592592593,
    251.77148148148152,
    251.69833333333338,
    251.97240740740745,
    251.83814814814818,
    251.90574074074078,
    251.852962962963,
    251.68351851851855,
    251.86129629629633,
    251.41592592592593,
    252.00944444444448,
    251.75018518518522,
    251.9566666666667,
    251.80203703703708,
    251.77148148148152,
    251.72055555555556,
    252.00944444444448,
    251.852962962963,
    251.89833333333337,
    251.42425925925926,
    252.0603703703704,
    251.5131481481482,
    251.86870370370372,
    251.91222222222225,
    251.9353703703704,
    251.7492592592593,
    251.8242592592593,
    251.79462962962967,
    251.77888888888893,
    251.5724074074074,
    251.8242592592593,
    251.98629629629633,
    251.69833333333338,
    251.97240740740745,
    251.62333333333336,
    252.00944444444448,
    251.7492592592593,
    251.97240740740745,
    251.78722222222225,
    251.62333333333333,
    251.80203703703708,
    251.68351851851855,
    251.80851851851855,
    252.00944444444448,
    251.852962962963,
    251.89833333333337,
    251.75759259259263,
    251.8455555555556,
    251.69092592592594,
    251.90574074074078,
    251.5788888888889,
    252.00944444444448,
    251.69092592592594,
    251.9566666666667,
    251.86129629629633,
    251.77148148148152,
    251.6612962962963,
    252.00944444444448,
    251.83814814814818,
    252.00944444444448,
    251.6612962962963,
    251.72703703703706,
    251.78722222222225,
    251.7418518518519,
    251.76500000000001,
    251.9353703703704,
    251.91222222222225,
    251.86870370370372,
    251.80203703703708,
    251.98629629629633,
    251.54277777777781,
    251.97240740740745,
    251.77888888888893,
    251.67611111111114,
    251.80851851851855,
    251.97240740740745,
    251.727962962963,
    251.9566666666667,
    251.64648148148152,
    251.89833333333337,
    251.852962962963,
    251.90574074074078,
    251.91222222222225,
    251.89833333333337,
    251.69833333333338,
    251.72703703703706,
    251.78722222222225,
    251.75759259259263,
    251.7492592592593,
    252.00944444444448,
    251.83814814814818,
    251.86870370370372,
    251.80203703703708,
    251.98629629629633,
    251.64648148148152,
    251.86870370370372,
    251.852962962963,
    251.9353703703704,
    251.47518518518518,
    251.97240740740745,
    252.00944444444448,
    251.77888888888893,
    251.90574074074078,
    251.60944444444448,
    251.98629629629633,
    251.69833333333338,
    252.0603703703704,
    251.8242592592593,
    251.9353703703704,
    251.7492592592593,
    252.00944444444448,
    251.5353703703704,
    251.72703703703706,
    251.90574074074078,
    251.852962962963,
    251.89833333333337,
    251.75759259259263,
    252.0603703703704,
    251.80203703703708,
    251.89833333333337,
    251.59370370370374,
    252.00944444444448,
    251.98629629629633,
    251.76500000000001,
    251.90574074074078,
    251.91222222222225,
    251.60203703703706,
    251.6612962962963,
    252.0603703703704,
    251.86129629629633,
    251.77148148148152,
    251.86870370370372,
    251.80203703703708,
    251.98629629629633,
    251.86129629629633,
    251.9566666666667,
    251.76500000000001,
    251.9353703703704,
    251.80851851851855,
    251.79462962962967,
    251.97240740740745,
    251.77888888888893,
    251.5724074074074,
    251.91222222222225,
    251.89833333333337,
    251.80203703703708,
    251.9566666666667,
    252.00944444444448,
    251.83814814814818,
    251.75759259259263,
    251.69833333333338,
    252.0603703703704,
    251.78722222222225,
    251.86870370370372,
    252.0603703703704,
    251.80203703703708,
    251.98629629629633,
    251.72055555555556,
    251.67611111111114,
    251.98629629629633,
    251.58722222222227,
    251.9566666666667,
    251.8242592592593,
    251.9353703703704,
    251.852962962963,
    251.90574074074078,
    251.97240740740745,
    251.83814814814818,
    252.00944444444448,
    251.7492592592593,
    251.97240740740745,
    251.7205555555556,
    251.91222222222225,
    251.90574074074078,
    251.852962962963,
    251.89833333333337,
    251.5724074074074,
    251.91222222222225,
    252.00944444444448,
    251.69092592592594,
    251.9566666666667,
    252.00944444444448,
    251.69740740740744,
    251.89833333333337,
    251.69833333333338,
    252.0603703703704,
    252.00944444444448,
    251.83814814814818,
    251.86870370370372,
    251.80203703703708,
    252.0603703703704,
    251.9353703703704,
    251.80851851851855,
    251.97240740740745,
    251.7205555555556,
    251.852962962963,
    251.5724074074074,
    251.91222222222225,
    251.89833333333337,
    252.00944444444448,
    251.7492592592593,
    252.00944444444448,
    251.97240740740745,
    251.83814814814818,
    251.90574074074078,
    251.852962962963,
    252.00944444444448,
    251.68351851851855,
    251.80851851851855,
    252.00944444444448,
    252.0603703703704,
    251.727962962963,
    251.86870370370372,
    251.91222222222225,
    252.00944444444448,
    251.98629629629633,
    251.4687037037037,
    251.86870370370372,
    252.0603703703704,
    251.78722222222225,
    252.0603703703704,
    251.69092592592597,
    251.76500000000001,
    251.98629629629633,
    252.00944444444448,
    251.80851851851855,
    251.97240740740745,
    251.9353703703704,
    251.852962962963,
    251.90574074074078,
    251.91222222222225,
    251.97240740740745,
    251.9353703703704,
    251.9566666666667,
    251.80203703703708,
    251.8455555555556,
