{
  "q_table": {
    "('many', 'none', 'sparse', 'low', 'relaxed', 'stuck')": {
      "run_aggressive": 418.29122706583655,
      "run_standard": 598.081839053847,
      "run_minimal": 516.6576370421501
    },
    "('few', 'none', 'sparse', 'low', 'relaxed', 'progressing')": {
      "run_standard": 601.2900648392388,
      "wait": 601.663152659056,
      "run_minimal": 576.9306215011658,
      "run_aggressive": 422.7513277322342
    },
    "('empty', 'none', 'sparse', 'low', 'relaxed', 'advanced')": {
      "wait": 593.2194105191322
    },
    "('empty', 'none', 'sparse', 'low', 'moderate', 'advanced')": {
      "wait": 587.349776362381
    },
    "('empty', 'none', 'sparse', 'low', 'urgent', 'advanced')": {
      "run_standard": 582.460506792,
      "wait": 0.0,
      "run_aggressive": 377.1841083262383,
      "run_minimal": 391.6322288416395
    }
  },
  "episode": 163,
  "epsilon": 0.17174680514,
  "episode_rewards": [
    270.67148148148146,
    275.71777777777777,
    272.74,
    274.17796296296297,
    272.6511111111111,
    263.39722222222224,
    270.0761111111111,
    274.29185185185185,
    272.8075925925926,
    272.74925925925925,
    272.3214814814815,
    273.8075925925926,
    276.45388888888886,
    272.84462962962965,
    270.2288888888889,
    276.4048148148148,
    272.75944444444445,
    272.815,
    272.89833333333337,
    273.4368518518519,
    272.89833333333337,
    276.41833333333335,
    270.7575925925926,
    273.2424074074074,
    273.20537037037036,
    273.25166666666667,
    272.7590740740741,
    273.07388888888886,
    273.222037037037,
    273.235,
    273.23962962962963,
    276.33222222222224,
    273.33962962962966,
    273.0155555555556,
    273.2748148148148,
    273.33962962962966,
    272.83814814814815,
    273.1035185185185,
    272.83814814814815,
    273.4275925925926,
    272.83814814814815,
    273.4275925925926,
    272.83814814814815,
    273.4275925925926,
    272.75481481481484,
    278.36614814814817,
    281.074925925926,
    277.6403703703703,
    278.09333333333336,
    278.36614814814817,
    278.36614814814817,
    278.09333333333336,
    277.884,
    278.3072222222222,
    275.93992592592593,
    277.955,
    281.33803703703705,
    277.88522222222224,
    278.19744444444444,
    281.7110740740741,
    277.6881481481481,
    277.98333333333335,
    277.98333333333335,
    278.0484074074074,
    278.8502592592593,
    277.98333333333335,
    277.7322222222223,
    277.62655555555557,
    277.5734074074074,
    281.11270370370374,
    277.71051851851854,
    280.968,
    277.8627037037037,
    277.9107777777778,
    277.86607407407405,
    275.2424814814815,
    277.8627037037037,
    277.94040740740746,
    281.33196296296296,
    280.7905555555556,
    277.63088888888893,
    277.6938888888889,
    277.8627037037037,
    275.03292592592595,
    280.7812962962963,
    277.63088888888893,
    277.9107777777778,
    280.815,
    277.1040740740741,
    277.7667407407408,
    275.8183703703704,
    277.6891111111111,
    280.7175555555556,
    277.11570370370373,
    277.94140740740744,
    277.8627037037037,
    277.8627037037037,
    275.70437037037044,
    277.8627037037037,
    278.02411111111115,
    275.4931851851852,
    278.6358888888889,
    275.7040370370371,
    277.8627037037037,
    277.2247037037037,
    277.9107777777778,
    277.3875925925926,
    277.65725925925926,
    277.87440740740743,
    284.2836666666667,
    280.16718518518525,
    277.9294814814815,
    277.9294814814815,
    278.11177777777783,
    278.20351851851854,
    277.9685185185186,
    276.48133333333334,
    277.39588888888886,
    280.93603703703707,
    277.8360740740741,
    278.36614814814817,
    277.4223333333333,
    278.15633333333335,
    277.5852222222222,
    278.32081481481487,
    278.39844444444446,
    278.36614814814817,
    275.63625925925925,
    277.8090740740741,
    277.8821481481482,
    278.36614814814817,
    278.19744444444444,
    278.36614814814817,
    278.36614814814817,
    278.2234074074074,
    281.074925925926,
    278.3142222222222,
    276.17411111111113,
    276.01585185185183,
    278.19744444444444,
    278.09333333333336,
    278.36614814814817,
    281.496,
    278.146,
    279.2882222222222,
    278.064,
    284.8756666666667,
    278.3142222222222,
    278.1438888888889,
    281.789,
    278.36614814814817,
    278.3444444444445,
    281.1900370370371,
    281.3222592592592,
    277.9434444444445,
    284.8932962962963,
    281.7567037037037,
    278.36614814814817,
    281.43296296296296,
    277.4504444444445,
    278.36614814814817,
    277.92562962962967
  ]
}