{
  "q_table": {
    "('many', 'none', 'sparse', 'low', 'relaxed', 'stuck')": {
      "run_standard": 180.58460679072044,
      "run_aggressive": 175.0525345744791,
      "run_minimal": 137.18884024168815
    },
    "('few', 'some', 'sparse', 'low', 'relaxed', 'stuck')": {
      "run_standard": 167.05575946906924,
      "run_aggressive": 129.62290307902987,
      "run_minimal": 106.298290901517
    },
    "('few', 'busy', 'sparse', 'low', 'moderate', 'stuck')": {
      "run_standard": 171.02270713859383,
      "run_aggressive": 158.05281430376868,
      "run_minimal": 148.1432556055624
    },
    "('few', 'busy', 'sparse', 'low', 'urgent', 'stuck')": {
      "run_standard": 177.24278510359963,
      "run_aggressive": 163.68858128007486,
      "run_minimal": 81.52158418205697
    },
    "('many', 'some', 'sparse', 'low', 'relaxed', 'stuck')": {
      "run_standard": 0.0,
      "run_minimal": 1.367737557747669
    },
    "('few', 'some', 'sparse', 'low', 'moderate', 'stuck')": {
      "run_aggressive": 29.138818154648447,
      "run_minimal": 28.229421243883813,
      "run_standard": 67.16900813900594
    }
  },
  "episode": 163,
  "epsilon": 0.17174680514,
  "episode_rewards": [
    62.231481481481495,
    59.277777777777786,
    57.300000000000004,
    56.73796296296297,
    54.21111111111111,
    32.957222222222214,
    57.636111111111106,
    61.85185185185186,
    61.36759259259257,
    58.309259259259264,
    65.88148148148147,
    61.36759259259259,
    65.01388888888889,
    61.404629629629625,
    52.7888888888889,
    58.964814814814815,
    62.31944444444446,
    59.375,
    64.45833333333333,
    66.27685185185184,
    64.45833333333333,
    62.258333333333326,
    62.31759259259259,
    57.0824074074074,
    57.045370370370364,
    60.091666666666654,
    61.59907407407407,
    54.91388888888889,
    60.06203703703703,
    59.07499999999999,
    62.079629629629636,
    62.17222222222222,
    62.17962962962963,
    61.85555555555557,
    62.11481481481482,
    62.17962962962963,
    62.39814814814815,
    63.94351851851853,
    62.39814814814815,
    64.26759259259259,
    62.39814814814815,
    64.26759259259259,
    62.39814814814815,
    64.26759259259259,
    57.31481481481481,
    85.92614814814813,
    85.63492592592591,
    82.20037037037036,
    85.65333333333334,
    85.92614814814813,
    85.92614814814813,
    85.65333333333334,
    82.444,
    87.86722222222221,
    85.49992592592591,
    82.515,
    82.89803703703703,
    76.44522222222221,
    82.75744444444443,
    86.27107407407406,
    74.24814814814815,
    82.96296296296296,
    73.54333333333334,
    73.54333333333334,
    75.60840740740741,
    71.41025925925925,
    73.54333333333334,
    76.29222222222221,
    71.18655555555556,
    75.1334074074074,
    78.6727037037037,
    73.27051851851851,
    76.52799999999999,
    73.4227037037037,
    75.47077777777778,
    73.42607407407408,
    72.8024814814815,
    73.4227037037037,
    76.5004074074074,
    76.89196296296296,
    73.35055555555554,
    73.19088888888889,
    73.2538888888889,
    73.4227037037037,
    72.59292592592593,
    73.34129629629628,
    73.19088888888889,
    75.47077777777778,
    75.37499999999999,
    70.66407407407408,
    71.32674074074075,
    75.37837037037036,
    69.2491111111111,
    73.27755555555555,
    72.6757037037037,
    76.5014074074074,
    73.4227037037037,
    73.4227037037037,
    76.26437037037037,
    73.4227037037037,
    78.5841111111111,
    76.05318518518519,
    73.19588888888889,
    71.26403703703703,
    73.4227037037037,
    74.78470370370371,
    75.47077777777778,
    75.94759259259258,
    73.21725925925927,
    76.4344074074074,
    69.84366666666668,
    75.72718518518518,
    76.48948148148148,
    76.48948148148148,
    87.67177777777778,
    85.76351851851851,
    85.52851851851852,
    82.04133333333334,
    83.9558888888889,
    82.49603703703704,
    82.39607407407408,
    85.92614814814813,
    84.98233333333333,
    85.71633333333332,
    87.14522222222223,
    80.88081481481481,
    82.95844444444444,
    85.92614814814813,
    77.19625925925925,
    85.36907407407408,
    85.44214814814815,
    85.92614814814813,
    82.75744444444443,
    85.92614814814813,
    85.92614814814813,
    87.7834074074074,
    85.63492592592591,
    85.87422222222222,
    85.73411111111109,
    84.57585185185184,
    82.75744444444443,
    85.65333333333334,
    85.92614814814813,
    83.056,
    82.70599999999999,
    85.8482222222222,
    82.624,
    85.43566666666666,
    85.87422222222222,
    82.70388888888888,
    83.34899999999999,
    85.92614814814813,
    82.90444444444444,
    82.75003703703703,
    85.88225925925926,
    82.50344444444444,
    86.45329629629629,
    86.3167037037037,
    85.92614814814813,
    85.99296296296296,
    82.01044444444445,
    85.92614814814813,
    82.48562962962961
  ]
}