{
  "q_table": {
    "('many', 'none', 'sparse', 'low', 'relaxed', 'stuck')": {
      "run_standard": 66.2174939709855,
      "run_aggressive": 32.91732858700741,
      "run_minimal": 38.915892538442705
    },
    "('few', 'some', 'sparse', 'low', 'relaxed', 'stuck')": {
      "run_standard": 9.562301134579316,
      "run_aggressive": 19.184512868841338,
      "run_minimal": 39.01890315397381
    },
    "('few', 'busy', 'sparse', 'low', 'moderate', 'stuck')": {
      "run_standard": 40.216266526077646,
      "run_aggressive": 12.774802166429225,
      "run_minimal": 37.16584895413092
    },
    "('few', 'busy', 'sparse', 'low', 'urgent', 'stuck')": {
      "run_standard": 55.23888179888575,
      "run_aggressive": 18.962290261438348,
      "run_minimal": 24.751451863354994
    },
    "('many', 'some', 'sparse', 'low', 'relaxed', 'stuck')": {
      "run_standard": 0.0,
      "run_minimal": 1.367737557747669
    },
    "('few', 'some', 'sparse', 'low', 'moderate', 'stuck')": {
      "run_aggressive": 0.0,
      "run_minimal": 28.229421243883813,
      "run_standard": 22.07460237729152
    }
  },
  "episode": 26,
  "epsilon": 0.10608517628929326,
  "episode_rewards": [
    62.231481481481495,
    59.277777777777786,
    57.300000000000004,
    56.73796296296297,
    54.21111111111111,
    32.957222222222214,
    57.636111111111106,
    61.85185185185186,
    61.36759259259257,
    58.309259259259264,
    65.88148148148147,
    61.36759259259259,
    65.01388888888889,
    61.404629629629625,
    52.7888888888889,
    58.964814814814815,
    62.31944444444446,
    59.375,
    64.45833333333333,
    66.27685185185184,
    64.45833333333333,
    62.258333333333326,
    62.31759259259259,
    57.0824074074074,
    57.045370370370364,
    60.091666666666654
  ]
}