{
  "q_table": {
    "('many', 'none', 'sparse', 'low', 'relaxed', 'stuck')": {
      "run_aggressive": 58.23216387090093,
      "run_minimal": 64.00210496628785,
      "run_standard": 45.63230216911781
    },
    "('few', 'some', 'sparse', 'low', 'relaxed', 'stuck')": {
      "run_standard": -73.65721371518032,
      "run_minimal": 53.486228526817726,
      "run_aggressive": -75.32361960878058
    },
    "('few', 'busy', 'sparse', 'low', 'moderate', 'stuck')": {
      "run_standard": 8.67484256998581,
      "run_minimal": 52.50002362106416,
      "run_aggressive": 0.07422641368206584
    },
    "('few', 'busy', 'sparse', 'low', 'urgent', 'stuck')": {
      "run_minimal": 60.02507699123275,
      "run_aggressive": -102.79778479063837,
      "run_standard": -24.61169465753367
    }
  },
  "episode": 587,
  "epsilon": 0.05,
  "episode_rewards": [
    29.529629629629632,
    28.187037037037037,
    23.055555555555554,
    25.67129629629629,
    29.857407407407415,
    20.997222222222213,
    30.36666666666666,
    35.36018518518518,
    35.26111111111111,
    35.855555555555554,
    43.44259259259259,
    36.49351851851851,
    47.65555555555555,
    45.595370370370375,
    36.22592592592593,
    41.46111111111111,
    43.47222222222222,
    45.1462962962963,
    40.007407407407406,
    43.47222222222222,
    45.54629629629629,
    36.19074074074075,
    38.297222222222224,
    43.47222222222222,
    45.516666666666666,
    41.3175925925926,
    45.31018518518519,
    40.41203703703704,
    40.359259259259254,
    43.47222222222222,
    38.467592592592595,
    41.30925925925926,
    47.60462962962963,
    39.31018518518519,
    45.46574074074074,
    38.364814814814814,
    46.05092592592592,
    34.19722222222222,
    47.62037037037037,
    43.362037037037034,
    41.39814814814815,
    43.428703703703704,
    41.324999999999996,
    45.49537037037037,
    41.36851851851852,
    47.56944444444444,
    41.33888888888889,
    43.5212962962963,
    43.38425925925926,
    47.39814814814815,
    29.073148148148146,
    39.28055555555556,
    47.62037037037037,
    41.32314814814815,
    45.516666666666666,
    41.38425925925926,
    33.28055555555555,
    41.30925925925926,
    41.38425925925926,
    45.49537037037037,
    43.41296296296296,
    25.132407407407413,
    41.38425925925926,
    33.331481481481475,
    41.25833333333333,
    45.532407407407405,
    41.39814814814815,
    45.46574074074074,
    43.41296296296296,
    31.243518518518517,
    43.4212962962963,
    20.975925925925928,
    47.56944444444444,
    39.31018518518519,
    45.516666666666666,
    43.362037037037034,
    33.331481481481475,
    39.28055555555556,
    47.56944444444444,
    43.41296296296296,
    43.45833333333333,
    20.98425925925926,
    47.62037037037037,
    29.073148148148146,
    43.428703703703704,
    43.47222222222222,
    45.49537037037037,
    41.30925925925926,
    41.38425925925926,
    35.35462962962963,
    41.33888888888889,
    25.132407407407413,
    41.38425925925926,
    45.54629629629629,
    41.25833333333333,
    45.532407407407405,
    29.183333333333334,
    47.56944444444444,
    41.30925925925926,
    45.532407407407405,
    41.34722222222223,
    25.183333333333337,
    43.362037037037034,
    31.243518518518517,
    41.36851851851852,
    47.56944444444444,
    43.41296296296296,
    43.45833333333333,
    41.3175925925926,
    35.40555555555555,
    39.25092592592593,
    45.46574074074074,
    23.138888888888886,
    47.56944444444444,
    39.25092592592593,
    45.516666666666666,
    43.4212962962963,
    33.331481481481475,
    39.221296296296295,
    47.56944444444444,
    41.39814814814815,
    47.56944444444444,
    39.221296296296295,
    27.287037037037038,
    41.34722222222223,
    33.30185185185185,
    41.324999999999996,
    45.49537037037037,
    43.47222222222222,
    43.428703703703704,
    43.362037037037034,
    45.54629629629629,
    29.10277777777778,
    45.532407407407405,
    41.33888888888889,
    27.236111111111114,
    41.36851851851852,
    45.532407407407405,
    41.287962962962965,
    45.516666666666666,
    31.206481481481482,
    43.45833333333333,
    43.41296296296296,
    45.46574074074074,
    43.47222222222222,
    43.45833333333333,
    41.25833333333333,
    27.287037037037038,
    41.34722222222223,
    33.31759259259259,
    41.30925925925926,
    47.56944444444444,
    41.39814814814815,
    43.428703703703704,
    43.362037037037034,
    45.54629629629629,
    31.206481481481482,
    43.428703703703704,
    43.41296296296296,
    45.49537037037037,
    21.035185185185185,
    45.532407407407405,
    47.56944444444444,
    41.33888888888889,
    45.46574074074074,
    29.169444444444444,
    45.54629629629629,
    41.25833333333333,
    47.62037037037037,
    41.38425925925926,
    45.49537037037037,
    41.30925925925926,
    47.56944444444444,
    27.09537037037037,
    27.287037037037038,
    45.46574074074074,
    43.41296296296296,
    43.45833333333333,
    41.3175925925926,
    47.62037037037037,
    43.362037037037034,
    43.45833333333333,
    29.153703703703705,
    47.56944444444444,
    45.54629629629629,
    41.324999999999996,
    45.46574074074074,
    43.47222222222222,
    25.16203703703704,
    39.221296296296295,
    47.62037037037037,
    43.4212962962963,
    33.331481481481475,
    43.428703703703704,
    43.362037037037034,
    45.54629629629629,
    43.4212962962963,
    45.516666666666666,
    41.324999999999996,
    45.49537037037037,
    41.36851851851852,
    35.35462962962963,
    45.532407407407405,
    41.33888888888889,
    25.132407407407413,
    43.47222222222222,
    43.45833333333333,
    43.362037037037034,
    45.516666666666666,
    47.56944444444444,
    41.39814814814815,
    33.31759259259259,
    41.25833333333333,
    47.62037037037037,
    41.34722222222223,
    43.428703703703704,
    47.62037037037037,
    43.362037037037034,
    45.54629629629629,
    39.28055555555556,
    27.236111111111114,
    45.54629629629629,
    31.14722222222222,
    45.516666666666666,
    41.38425925925926,
    45.49537037037037,
    43.41296296296296,
    45.46574074074074,
    45.532407407407405,
    41.39814814814815,
    47.56944444444444,
    41.30925925925926,
    45.532407407407405,
    33.28055555555555,
    43.47222222222222,
    45.46574074074074,
    43.41296296296296,
    43.45833333333333,
    25.132407407407413,
    43.47222222222222,
    47.56944444444444,
    39.25092592592593,
    45.516666666666666,
    47.56944444444444,
    31.257407407407406,
    43.45833333333333,
    41.25833333333333,
    47.62037037037037,
    47.56944444444444,
    41.39814814814815,
    43.428703703703704,
    43.362037037037034,
    47.62037037037037,
    45.49537037037037,
    41.36851851851852,
    45.532407407407405,
    33.28055555555555,
    43.41296296296296,
    25.132407407407413,
    43.47222222222222,
    43.45833333333333,
    47.56944444444444,
    41.30925925925926,
    47.56944444444444,
    45.532407407407405,
    41.39814814814815,
    45.46574074074074,
    43.41296296296296,
    47.56944444444444,
    31.243518518518517,
    41.36851851851852,
    47.56944444444444,
    47.62037037037037,
    41.287962962962965,
    43.428703703703704,
    43.47222222222222,
    47.56944444444444,
    45.54629629629629,
    23.028703703703705,
    43.428703703703704,
    47.62037037037037,
    41.34722222222223,
    47.62037037037037,
    33.25092592592593,
    41.324999999999996,
    45.54629629629629,
    47.56944444444444,
    41.36851851851852,
    45.532407407407405,
    45.49537037037037,
    43.41296296296296,
    45.46574074074074,
    43.47222222222222,
    45.532407407407405,
    45.49537037037037,
    45.516666666666666,
    43.362037037037034,
    35.40555555555555,
    39.31018518518519,
    47.56944444444444,
    45.516666666666666,
    47.56944444444444,
    21.005555555555556,
    45.532407407407405,
    41.3175925925926,
    47.62037037037037,
