{
  "episodes": 12,
  "seed": 42,
  "fixed_plan": [
    {
      "name": "fixed_eval_stable",
      "crisis_mode_enabled": false
    }
  ],
  "trained_summary": {
    "avg_total_reward": 707.5554722222222,
    "avg_completion_rate": 83.33333333333334,
    "avg_on_time_rate": 56.48148148148148,
    "avg_fairness_score": 1.0,
    "avg_belief_accuracy": 0.5308839390287272,
    "avg_urgency_response_score": 1.0
  },
  "fresh_summary": {
    "avg_total_reward": 672.1921481481481,
    "avg_completion_rate": 79.62962962962963,
    "avg_on_time_rate": 51.85185185185185,
    "avg_fairness_score": 1.0,
    "avg_belief_accuracy": 0.5529383344122089,
    "avg_urgency_response_score": 1.0
  },
  "delta": {
    "avg_total_reward": 35.36332407407406,
    "avg_completion_rate": 3.7037037037037095,
    "avg_on_time_rate": 4.629629629629633,
    "avg_fairness_score": 0.0,
    "avg_belief_accuracy": -0.02205439538348164,
    "avg_urgency_response_score": 0.0
  }
}